t,count,max,mean,min,stddev,p50,p75,p95,p98,p99,p999
1552413140,1,23,23.000000,23,0.000000,23.000000,23.000000,23.000000,23.000000,23.000000,23.000000
1552413343,1,27,27.000000,27,0.000000,27.000000,27.000000,27.000000,27.000000,27.000000,27.000000
1552413373,1,27,27.000000,27,0.000000,27.000000,27.000000,27.000000,27.000000,27.000000,27.000000
1552413833,1,129,129.000000,129,0.000000,129.000000,129.000000,129.000000,129.000000,129.000000,129.000000
1552413863,1,129,129.000000,129,0.000000,129.000000,129.000000,129.000000,129.000000,129.000000,129.000000
1552413893,1,129,129.000000,129,0.000000,129.000000,129.000000,129.000000,129.000000,129.000000,129.000000
1552413923,1,129,129.000000,129,0.000000,129.000000,129.000000,129.000000,129.000000,129.000000,129.000000
1552413953,1,129,129.000000,129,0.000000,129.000000,129.000000,129.000000,129.000000,129.000000,129.000000
1552413983,1,129,129.000000,129,0.000000,129.000000,129.000000,129.000000,129.000000,129.000000,129.000000
1552414013,1,129,129.000000,129,0.000000,129.000000,129.000000,129.000000,129.000000,129.000000,129.000000
1552414043,1,129,129.000000,129,0.000000,129.000000,129.000000,129.000000,129.000000,129.000000,129.000000
1552414073,1,129,129.000000,129,0.000000,129.000000,129.000000,129.000000,129.000000,129.000000,129.000000
1552414103,1,129,129.000000,129,0.000000,129.000000,129.000000,129.000000,129.000000,129.000000,129.000000
1552414133,1,129,129.000000,129,0.000000,129.000000,129.000000,129.000000,129.000000,129.000000,129.000000
1552414163,1,129,129.000000,129,0.000000,129.000000,129.000000,129.000000,129.000000,129.000000,129.000000
1552414725,1,73,73.000000,73,0.000000,73.000000,73.000000,73.000000,73.000000,73.000000,73.000000
1552414796,3,583,279.745162,67,222.460965,180.000000,583.000000,583.000000,583.000000,583.000000,583.000000
1552414826,3,583,279.745162,67,222.460965,180.000000,583.000000,583.000000,583.000000,583.000000,583.000000
1552415091,2,861,439.187440,11,424.988047,861.000000,861.000000,861.000000,861.000000,861.000000,861.000000
1552415121,2,861,439.187440,11,424.988047,861.000000,861.000000,861.000000,861.000000,861.000000,861.000000
1552415151,2,861,439.187440,11,424.988047,861.000000,861.000000,861.000000,861.000000,861.000000,861.000000
1552432865,7,780,387.840265,31,261.509659,499.000000,534.000000,780.000000,780.000000,780.000000,780.000000
1552432875,15,800,455.489432,16,293.877513,515.000000,780.000000,800.000000,800.000000,800.000000,800.000000
1552432885,22,800,462.150006,16,267.465996,533.000000,599.000000,800.000000,800.000000,800.000000,800.000000
1552432895,27,816,489.072859,16,259.078266,533.000000,682.000000,800.000000,816.000000,816.000000,816.000000
1552432905,33,816,484.557241,16,264.795528,533.000000,780.000000,816.000000,816.000000,816.000000,816.000000
1552432915,40,816,461.234145,16,250.820594,516.000000,600.000000,816.000000,816.000000,816.000000,816.000000
1552432925,46,816,485.271225,16,233.922101,533.000000,616.000000,800.000000,816.000000,816.000000,816.000000
1552432935,50,816,499.839584,16,226.226387,533.000000,616.000000,800.000000,816.000000,816.000000,816.000000
1552432945,57,816,464.292689,16,236.461462,516.000000,600.000000,800.000000,816.000000,816.000000,816.000000
1552432955,60,816,473.605767,16,228.642702,516.000000,600.000000,800.000000,816.000000,816.000000,816.000000
1552432965,66,999,488.614712,16,231.401573,517.000000,600.000000,816.000000,999.000000,999.000000,999.000000
1552432975,68,999,511.598685,16,239.561476,533.000000,665.000000,865.000000,999.000000,999.000000,999.000000
1552432985,69,999,499.771654,16,242.475511,517.000000,665.000000,865.000000,999.000000,999.000000,999.000000
1552432995,69,999,499.771654,16,242.475511,517.000000,665.000000,865.000000,999.000000,999.000000,999.000000
1552433005,69,999,499.771654,16,242.475511,517.000000,665.000000,865.000000,999.000000,999.000000,999.000000
1552433015,69,999,499.771654,16,242.475511,517.000000,665.000000,865.000000,999.000000,999.000000,999.000000
1552433025,69,999,499.771654,16,242.475511,517.000000,665.000000,865.000000,999.000000,999.000000,999.000000
1552433035,69,999,499.771654,16,242.475511,517.000000,665.000000,865.000000,999.000000,999.000000,999.000000
1552433045,69,999,499.771654,16,242.475511,517.000000,665.000000,865.000000,999.000000,999.000000,999.000000
1552433055,69,999,499.771654,16,242.475511,517.000000,665.000000,865.000000,999.000000,999.000000,999.000000
1552433065,69,999,499.771654,16,242.475511,517.000000,665.000000,865.000000,999.000000,999.000000,999.000000
1552433075,69,999,499.771654,16,242.475511,517.000000,665.000000,865.000000,999.000000,999.000000,999.000000
1552433085,69,999,499.771654,16,242.475511,517.000000,665.000000,865.000000,999.000000,999.000000,999.000000
1552433095,69,999,499.771654,16,242.475511,517.000000,665.000000,865.000000,999.000000,999.000000,999.000000
1552433105,69,999,499.771654,16,242.475511,517.000000,665.000000,865.000000,999.000000,999.000000,999.000000
1552433115,69,999,499.771654,16,242.475511,517.000000,665.000000,865.000000,999.000000,999.000000,999.000000
1552433125,69,999,499.771654,16,242.475511,517.000000,665.000000,865.000000,999.000000,999.000000,999.000000
1552433135,69,999,499.771654,16,242.475511,517.000000,665.000000,865.000000,999.000000,999.000000,999.000000
1552433145,69,999,499.771654,16,242.475511,517.000000,665.000000,865.000000,999.000000,999.000000,999.000000
1552433155,69,999,499.771654,16,242.475511,517.000000,665.000000,865.000000,999.000000,999.000000,999.000000
1552433165,69,999,499.771654,16,242.475511,517.000000,665.000000,865.000000,999.000000,999.000000,999.000000
1552433175,69,999,499.771654,16,242.475511,517.000000,665.000000,865.000000,999.000000,999.000000,999.000000
1552433185,69,999,499.771654,16,242.475511,517.000000,665.000000,865.000000,999.000000,999.000000,999.000000
1552433195,69,999,499.771654,16,242.475511,517.000000,665.000000,865.000000,999.000000,999.000000,999.000000
1552433205,69,999,499.771654,16,242.475511,517.000000,665.000000,865.000000,999.000000,999.000000,999.000000
1552433215,69,999,499.771654,16,242.475511,517.000000,665.000000,865.000000,999.000000,999.000000,999.000000
1552433225,69,999,499.771654,16,242.475511,517.000000,665.000000,865.000000,999.000000,999.000000,999.000000
1552433235,69,999,499.771654,16,242.475511,517.000000,665.000000,865.000000,999.000000,999.000000,999.000000
1552433245,69,999,499.771654,16,242.475511,517.000000,665.000000,865.000000,999.000000,999.000000,999.000000
1552433255,69,999,499.771654,16,242.475511,517.000000,665.000000,865.000000,999.000000,999.000000,999.000000
1552433265,69,999,499.771654,16,242.475511,517.000000,665.000000,865.000000,999.000000,999.000000,999.000000
1552433275,69,999,499.771654,16,242.475511,517.000000,665.000000,865.000000,999.000000,999.000000,999.000000
1552433285,69,999,499.771654,16,242.475511,517.000000,665.000000,865.000000,999.000000,999.000000,999.000000
1552433295,69,999,499.771654,16,242.475511,517.000000,665.000000,865.000000,999.000000,999.000000,999.000000
1552433305,69,999,499.771654,16,242.475511,517.000000,665.000000,865.000000,999.000000,999.000000,999.000000
1552433315,69,999,499.771654,16,242.475511,517.000000,665.000000,865.000000,999.000000,999.000000,999.000000
1552433325,69,999,499.771654,16,242.475511,517.000000,665.000000,865.000000,999.000000,999.000000,999.000000
1552433335,69,999,499.771654,16,242.475511,517.000000,665.000000,865.000000,999.000000,999.000000,999.000000
1552433345,69,999,499.771654,16,242.475511,517.000000,665.000000,865.000000,999.000000,999.000000,999.000000
1552433355,69,999,499.771654,16,242.475511,517.000000,665.000000,865.000000,999.000000,999.000000,999.000000
1552433365,69,999,499.771654,16,242.475511,517.000000,665.000000,865.000000,999.000000,999.000000,999.000000
1552433375,69,999,499.771654,16,242.475511,517.000000,665.000000,865.000000,999.000000,999.000000,999.000000
1552433385,69,999,499.771654,16,242.475511,517.000000,665.000000,865.000000,999.000000,999.000000,999.000000
1552433488,7,797,381.965617,9,275.021790,504.000000,533.000000,797.000000,797.000000,797.000000,797.000000
1552433498,15,1000,596.485981,9,291.322055,600.000000,800.000000,1000.000000,1000.000000,1000.000000,1000.000000
1552433508,22,1000,550.243199,9,271.111195,532.000000,799.000000,999.000000,1000.000000,1000.000000,1000.000000
1552433518,27,1000,556.021710,9,257.274126,567.000000,799.000000,999.000000,1000.000000,1000.000000,1000.000000
1552433528,33,1000,535.549259,9,265.234518,567.000000,800.000000,999.000000,1000.000000,1000.000000,1000.000000
1552433538,40,1000,499.637840,9,254.889482,517.000000,682.000000,817.000000,1000.000000,1000.000000,1000.000000
1552433548,46,1000,515.397464,9,235.613168,517.000000,666.000000,817.000000,999.000000,1000.000000,1000.000000
1552433558,50,1000,525.904123,9,225.875256,517.000000,666.000000,800.000000,999.000000,1000.000000,1000.000000
1552433568,57,1000,485.143010,9,238.493395,516.000000,633.000000,800.000000,999.000000,1000.000000,1000.000000
1552433578,60,1000,491.756192,9,229.664992,517.000000,666.000000,800.000000,817.000000,1000.000000,1000.000000
1552433588,66,1000,473.546482,9,229.138803,517.000000,599.000000,800.000000,817.000000,999.000000,1000.000000
1552433598,68,1000,497.961326,9,239.692916,517.000000,666.000000,817.000000,881.000000,999.000000,1000.000000
1552433608,70,1000,498.501062,9,244.707983,517.000000,666.000000,817.000000,881.000000,999.000000,1000.000000
1552433618,75,1000,517.484136,9,255.334050,517.000000,717.000000,881.000000,983.000000,999.000000,1000.000000
1552433628,80,1000,532.414912,9,239.356638,517.000000,717.000000,881.000000,983.000000,983.000000,1000.000000
1552433638,87,1000,552.456077,9,244.657136,533.000000,749.000000,983.000000,999.000000,999.000000,1000.000000
1552433648,94,1000,542.370327,9,242.927071,517.000000,749.000000,883.000000,999.000000,999.000000,1000.000000
1552433658,94,1000,542.370327,9,242.927071,517.000000,749.000000,883.000000,999.000000,999.000000,1000.000000
1552433668,94,1000,542.370327,9,242.927071,517.000000,749.000000,883.000000,999.000000,999.000000,1000.000000
1552433678,94,1000,542.370327,9,242.927071,517.000000,749.000000,883.000000,999.000000,999.000000,1000.000000
1552479892,7,792,392.690806,34,261.704315,516.000000,533.000000,792.000000,792.000000,792.000000,792.000000
1552479902,15,800,455.579621,16,290.322444,516.000000,783.000000,800.000000,800.000000,800.000000,800.000000
1552479912,22,800,462.282484,16,261.634166,533.000000,583.000000,792.000000,800.000000,800.000000,800.000000
1552479922,27,800,488.101891,16,251.634707,533.000000,682.000000,792.000000,800.000000,800.000000,800.000000
                                                                                                                                                                                                                                                                                                                                       1552480268,6,781,437.769105,22,237.838953,507.000000,525.000000,781.000000,781.000000,781.000000,781.000000
1552480278,14,1000,631.230149,22,255.260749,616.000000,784.000000,1000.000000,1000.000000,1000.000000,1000.000000
1552480288,21,1000,570.640517,22,253.047786,525.000000,783.000000,999.000000,1000.000000,1000.000000,1000.000000
1552480298,26,1000,571.863994,22,242.854921,566.000000,783.000000,999.000000,1000.000000,1000.000000,1000.000000
1552480308,32,1000,546.378489,22,255.975130,566.000000,784.000000,999.000000,1000.000000,1000.000000,1000.000000
1552480318,39,1000,507.201254,22,249.946668,516.000000,682.000000,817.000000,999.000000,1000.000000,1000.000000
1552480328,45,1000,521.691980,22,229.361939,517.000000,666.000000,817.000000,999.000000,1000.000000,1000.000000
1552480338,49,1000,532.007848,22,220.493980,525.000000,666.000000,817.000000,999.000000,1000.000000,1000.000000
1552480348,56,1000,518.854297,22,235.373072,517.000000,682.000000,983.000000,999.000000,1000.000000,1000.000000
1552480358,59,1000,522.064430,22,226.629879,525.000000,681.000000,817.000000,983.000000,999.000000,1000.000000
1552480368,65,1000,528.266982,22,228.000515,525.000000,666.000000,983.000000,999.000000,999.000000,1000.000000
1552480378,67,1000,549.208215,22,233.759720,533.000000,682.000000,983.000000,999.000000,999.000000,1000.000000
1552480388,69,1000,545.172127,22,239.043845,533.000000,749.000000,983.000000,999.000000,999.000000,1000.000000
1552480398,74,1000,556.326938,22,248.475594,533.000000,783.000000,999.000000,1000.000000,1000.000000,1000.000000
1552480408,79,1000,564.598669,22,231.291376,566.000000,783.000000,999.000000,1000.000000,1000.000000,1000.000000
1552480418,86,1000,577.738114,22,237.407551,535.000000,783.000000,1000.000000,1000.000000,1000.000000,1000.000000
